대분류,20140101,20140102,20140103,20140104,20140105,20140106,20140107,20140108,20140109,20140110,20140111,20140112,20140113,20140114,20140115,20140116,20140117,20140118,20140119,20140120,20140121,20140122,20140123,20140124,20140125,20140126,20140127,20140128,20140129,20140130,20140131,20140201,20140202,20140203,20140204,20140205,20140206,20140207,20140208,20140209,20140210,20140211,20140212,20140213,20140214,20140215,20140216,20140217,20140218,20140219,20140220,20140221,20140222,20140223,20140224,20140225,20140226,20140227,20140228,20140301,20140302,20140303,20140304,20140305,20140306,20140307,20140308,20140309,20140310,20140311,20140312,20140313,20140314,20140315,20140316,20140317,20140318,20140319,20140320,20140321,20140322,20140323,20140324,20140325,20140326,20140327,20140328,20140329,20140330,20140331,20141001,20141002,20141003,20141004,20141005,20141006,20141007,20141008,20141009,20141010,20141011,20141012,20141013,20141014,20141015,20141016,20141017,20141018,20141019,20141020,20141021,20141022,20141023,20141024,20141025,20141026,20141027,20141028,20141029,20141030,20141031,20141101,20141102,20141103,20141104,20141105,20141106,20141107,20141108,20141109,20141110,20141111,20141112,20141113,20141114,20141115,20141116,20141117,20141118,20141119,20141120,20141121,20141122,20141123,20141124,20141125,20141126,20141127,20141128,20141129,20141130,20141201,20141202,20141203,20141204,20141205,20141206,20141207,20141208,20141209,20141210,20141211,20141212,20141213,20141214,20141215,20141216,20141217,20141218,20141219,20141220,20141221,20141222,20141223,20141224,20141225,20141226,20141227,20141228,20141229,20141230,20141231,20150101,20150102,20150103,20150104,20150105,20150106,20150107,20150108,20150109,20150110,20150111,20150112,20150113,20150114,20150115,20150116,20150117,20150118,20150119,20150120,20150121,20150122,20150123,20150124,20150125,20150126,20150127,20150128,20150129,20150130,20150131,20150201,20150202,20150203,20150204,20150205,20150206,20150207,20150208,20150209,20150210,20150211,20150212,20150213,20150214,20150215,20150216,20150217,20150218,20150219,20150220,20150221,20150222,20150223,20150224,20150225,20150226,20150227,20150228,20150301,20150302,20150303,20150304,20150305,20150306,20150307,20150308,20150309,20150310,20150311,20150312,20150313,20150314,20150315,20150316,20150317,20150318,20150319,20150320,20150321,20150322,20150323,20150324,20150325,20150326,20150327,20150328,20150329,20150330,20150331,20151001,20151002,20151003,20151004,20151005,20151006,20151007,20151008,20151009,20151010,20151011,20151012,20151013,20151014,20151015,20151016,20151017,20151018,20151019,20151020,20151021,20151022,20151023,20151024,20151025,20151026,20151027,20151028,20151029,20151030,20151031,20151101,20151102,20151103,20151104,20151105,20151106,20151107,20151108,20151109,20151110,20151111,20151112,20151113,20151114,20151115,20151116,20151117,20151118,20151119,20151120,20151121,20151122,20151123,20151124,20151125,20151126,20151127,20151128,20151129,20151130,20151201,20151202,20151203,20151204,20151205,20151206,20151207,20151208,20151209,20151210,20151211,20151212,20151213,20151214,20151215,20151216,20151217,20151218,20151219,20151220,20151221,20151222,20151223,20151224,20151225,20151226,20151227,20151228,20151229,20151230,20151231
강원,3.6,0.8,1.5,-0.6,-0.7,-2,0.7,1.5,-6.3,-5.9,-2.4,-2.2,-6.5,-6,-4.5,-2.6,-2.3,-3.3,-3.7,-1.2,-4.5,-4.7,-2.5,2.2,3.4,-1.3,0,2.2,2.3,4.6,0.7,2.1,5.5,-0.2,-6.6,-6.3,-2.9,-0.2,-0.7,-1.6,-2.7,-3.2,-2.7,-1.2,-0.6,-0.7,0.5,1.1,-0.8,-0.9,-0.7,-0.9,-0.7,0.3,2.1,4.1,3.7,5.9,4.7,4.7,2,2.2,4.6,0.2,-1.2,-0.8,0.9,0.2,0.2,4.5,5.3,2,1.9,6.2,9.1,11.2,11.2,6.9,3.8,2.8,6.7,10.4,11,14.7,13.5,12.5,15.8,13,9.7,10.8,15.9,17.2,16.6,14.1,13.6,13,13.3,14,15,15.3,15.7,16,13.8,10.6,11,11.1,10.6,12.7,14.5,14,12.5,10.2,10.5,13.1,14.6,15.3,10.8,8.5,9.7,11.6,12.5,14.2,11.5,7.2,8.5,9.8,11.1,8.4,9.8,9.4,6.9,8.2,6.6,-0.1,3.2,3.4,5,5.1,3.2,3.3,4.9,8.5,8.6,7.3,7.8,7.6,6.9,6.7,6.6,8.1,7.5,0.2,-5.7,-2,-3.2,-5.8,-5.3,-4.1,-1.3,-2.9,1.4,0.2,-3.3,-5.1,-4.2,-0.1,-3.9,-9.7,-9.9,-4.5,-0.9,-6.8,-6,-2.1,2.5,-3,-5.2,-2.8,-1.2,1.4,2,-1.8,-7.7,-6.5,-3.7,1.2,2.1,0.1,-6.2,-5.8,-3.4,-1.2,0,-3.8,-2,1.2,1.7,0,-2.7,-1.7,0.7,-1.9,0.8,1,-0.5,1.6,1.3,3.6,-0.5,-3.6,-1.9,-1.5,-4.8,-3.8,-2.5,-1.4,-1.2,-1.1,-0.2,0.9,-7,-6.1,0.7,2.9,-1.8,-2.3,1,5,3.3,1.8,1,0.2,1.9,3.9,4.9,1.8,1.5,4,2.4,-2,1.2,2.9,2.9,3.4,-1.5,-1.8,0.9,2.8,5.5,3.6,-3.4,-0.1,1.7,3.3,2.8,5.5,7.9,10.2,6.3,9.7,10.6,10.6,8.3,3.8,3.4,4.8,8.9,11,11.5,11.4,13,12.7,15.9,15.1,18.3,13.6,14.6,15.8,16.6,16.7,15.1,11.5,10.2,11,13,14.1,14,14.5,15,15.9,16,16,15.5,13.7,14.9,15.9,12.3,12.1,12.6,9.6,7.7,4.9,3.8,6.1,9.3,9,9.4,11,10.2,10.5,10.4,10.3,10.1,9.8,11.2,10.4,12.2,12.3,10.7,11.7,8.7,7.8,9.2,8.3,8.9,7,5.1,2.8,-0.9,-1.7,0.5,2,4.2,2.3,5.4,0.3,-0.1,3.7,1.3,2.3,3.3,3.9,6.3,5.1,2.1,2.6,4.3,5.5,0.3,-4.2,-2.4,-0.8,0.5,2,2.5,3.6,2.2,-0.4,2.1,-3.3,-5.2,-4,-0.8,1.1
경기,3,0.5,0.2,-0.8,-1.5,-1.4,0.5,0.3,-7.3,-6.4,-3.1,-3.6,-6.7,-5.7,-4.8,-2.4,-2.4,-2.5,-3.9,-1.8,-5.7,-5.7,-3.2,1.8,3.2,-2.2,-1.9,0.5,-0.5,1.8,-0.2,2.7,4,-2.9,-7.1,-5.8,-2.3,1.6,0.3,-1.4,-0.5,-1.1,0.1,1,1.7,1.5,1.5,3.5,1.9,0.7,-0.1,0,0.6,1.7,2.7,3.7,5.8,6.1,5.7,5.8,4.3,3.4,4.5,1.9,0,-0.7,0.9,1.5,1.3,3.3,4.8,4.7,2.7,5.3,10,11.4,10.9,8.2,5.7,4.9,7.1,8.4,9.7,13.9,14.9,12.3,15.5,13.6,13.9,13,17.8,17.4,15.8,15.5,15.6,14.7,14.3,14,15.8,17.5,17.8,18.4,16,11.8,11.6,12.2,10.6,12.6,14.4,13.8,13.4,12.3,11.3,12.5,13.3,13.9,10,7.5,9.4,11.4,13,15.4,11.4,8.1,8.4,9.5,11.6,7.6,8.5,8.5,6.7,7.4,6.2,0,3.2,2.9,5.4,5.1,2.8,2.8,5.1,9.1,8.6,6.8,7.7,9.3,8.9,7.7,7.1,6.3,7.8,-0.8,-5.5,-3.4,-4.3,-6.3,-5.7,-4.4,-2.2,-4.2,-0.7,-1.3,-4,-5.3,-4.8,-0.5,-4.6,-8.8,-9.2,-5.4,-2.1,-7.5,-7,-4,1,-2.7,-5,-4.3,-2.8,0.7,-0.7,-2.1,-7.4,-6.4,-4.6,0.7,1.3,-2.4,-5.7,-6.6,-4.3,-1.9,-0.5,-3.9,-2.5,0.9,2,-0.2,-4.1,-2.9,-0.1,-2.6,1.1,2,-0.7,1.6,1.4,3.4,-2.6,-4.4,-2,-2.7,-5,-4.1,-2.5,-1.3,-0.9,-0.9,-0.9,0.2,-8.8,-5.6,0.5,1.8,-1.9,-2,-0.1,6.7,4.3,2.2,0.5,0.6,3.3,4.9,3.7,0.9,1.4,4.6,1.4,-1.5,1.5,2.4,2.5,2.6,-1.6,-1.3,1.4,2.8,6.3,2.6,-3,0,1.8,5,3.4,4.1,7.6,9.2,9.4,11.7,12,10.3,7.4,4.7,4.3,5.5,7.1,8,8.6,10.4,12,11.4,15.7,15.1,18.1,14.6,15.7,16.3,17.5,18.4,15.1,11.5,9.6,11.7,13,14.7,15.5,16.1,16.1,15.1,15.8,16.9,16.5,15.9,15.8,15.7,13.5,13.8,11.9,9.1,7.3,5.1,4.1,5.1,9,8.8,9.3,10.9,12.4,10.7,11.2,11.1,9.7,10.1,12.5,10.6,12.5,13.2,11.3,13.4,10.5,8.7,9.3,8.1,9.4,8.2,6.4,2.8,-1.8,-2.3,0.1,2.4,3.7,2.3,5.2,-0.2,-0.8,2.8,0.3,0.6,1.1,2.7,6.1,6.4,3.1,3.4,4.1,5.2,-0.2,-4.3,-4.5,-2,-0.7,1.2,2.2,4.2,1,-0.7,1.1,-4.9,-6,-4.9,-0.7,0.4
경남,5.7,3.6,2.8,3.3,2.3,1.3,2.5,3,-2.3,-2.3,-0.2,0.5,-1.8,-1.9,-0.8,0,1,0.7,-0.7,2.8,-1,-1.7,-0.2,4.4,8.5,3,2.3,5.2,4.6,8.7,5.2,9.8,13.3,6.6,-2.8,-2.2,1.3,3.7,4.2,3.2,2,1.3,1.4,2.5,2.8,2.5,3.9,5.4,3.2,2.4,3.1,2.5,3.3,4.4,5.5,7,6.6,10.9,8.9,8.3,7.7,5.3,5.5,5.3,3,2.9,4,4.5,3.3,5.8,6.5,4.8,4,7.1,11.2,12.1,15.6,10.2,8.1,6,8,10.7,11.4,13.7,13.9,13.6,14.6,14.1,14.1,12.7,18.5,19.1,18.6,17.5,17.3,16.3,15.4,16,16.5,18.1,18.9,18,16.5,14.1,14,14,12.4,12.9,15.1,18,17.7,13.3,12.5,13.7,14.3,15.2,14.2,11.3,12.1,13.5,13.1,15.7,13.1,9.3,8.9,10.1,12.4,12.2,12.8,12.3,9.6,9.6,10.3,4.7,5.5,6.8,8.9,8.4,6.5,5.4,6.4,7.7,10,10.5,10.7,11.1,9.7,8.8,9.3,11.2,10.7,5.6,-0.4,3.3,2.7,-0.4,-0.1,0,1.3,1.1,6.3,5.5,2,0.4,-0.5,2.7,1.4,-3.4,-2,-0.3,2.3,-1,-0.2,1.3,4.4,1,-0.9,0.1,0.4,3,4.8,1.2,-2.9,-2.4,-1.4,2.8,3.8,5.4,-0.5,-1.1,0.9,1.8,1.8,-0.5,1,3.1,4.7,2.7,1.6,1.6,4.3,1.7,3.4,4.4,2.6,2.2,3.6,7.6,3,0.4,2.6,2.3,-1.1,-0.4,1.4,2.9,3.2,2,2,3.3,-1.8,-3.1,2.9,4.6,2.8,0.5,2.7,4.4,5.3,5.1,3.2,3.5,4.7,6.8,9,5,5.2,5.9,5.5,1,2.1,3.6,4.1,2.5,1.8,2.3,4.5,5.9,6.7,6.9,-0.4,4,5,6,6.7,7.8,10.1,12.3,10,11.8,13.2,13.8,12.4,7.6,6.3,7.1,8.8,10,11.9,13.7,13.6,12.2,19.5,16.2,17.8,17.8,16.9,16.7,17.1,16.6,16.5,15,14.8,14.6,14.7,15.5,15.8,16.3,16.1,16.2,16.4,17.3,17.2,16.7,16.5,16.5,15.2,13.7,14,11.8,12.1,10.1,7.5,7.2,10.1,11.1,11.2,14,14.5,13.9,15,14.3,12.3,13.1,14.9,12.4,14.9,14.4,13.6,15.8,12.7,12,12.7,10.5,13,13.1,11.7,7.9,3.1,3.7,4.9,6.5,8.3,6.6,8.7,4.9,4.9,6,5,5.6,7,7.7,9.7,9.1,6.8,8.1,8.1,8.9,3.6,-0.1,0.5,2.7,3.1,6.1,6,8.3,6.8,3.6,5,2.3,-0.4,0.2,1,2.9
경북,4.9,2.4,1.2,1.1,1.5,-0.5,1.1,2.2,-4.3,-4,-1.2,-0.6,-4.1,-3.7,-2.3,-1.1,-0.8,-1.4,-2.4,0.3,-2.9,-3,-1.5,2,4.8,0.4,0.2,2.9,2.8,6.7,2.6,6.2,9.5,2.7,-4.9,-4.7,-1.7,1,1.8,0.5,-1.2,-2,-0.7,0.1,0.6,1.1,1.4,2.8,0.8,0.5,1.2,0.9,1.4,2.3,3.8,5.4,5.1,9.8,6.8,7,4.4,3.2,4.5,2.7,0.8,0.9,2,1.4,1.5,5.4,4.2,2.7,2.1,6.5,9.6,12.2,13.3,8.1,5.2,3.6,6.8,10.8,11.5,14.6,13.7,12.8,15.8,13.7,11.5,11.1,16.4,17.1,17.3,15.6,15.4,14.7,13.5,14.2,14.9,16.6,17.2,16.5,15.3,11.5,11.5,12,10.9,11.8,13.6,15.2,14.6,12,11.2,12.8,13.6,14.9,12.7,9.7,10.3,11.4,12,14.8,12.1,7.9,8.4,9.5,11.5,9.8,12.2,11.3,8,8.6,8.4,2.2,4.6,5.7,6.8,6.2,4.6,3.9,5.1,6.2,8.2,7.7,8.8,9.5,7.9,6.8,7.5,10.5,9.2,3,-3.3,0.1,-0.5,-3,-2.3,-2.4,-0.2,-0.9,3.9,3.1,-0.1,-2.4,-1.6,1,-1.4,-6.7,-6,-2.9,0.6,-3.1,-2.5,-0.4,2.8,-0.6,-2.6,-1.5,-0.4,1.5,2.9,-0.7,-5.6,-4,-2.3,1.7,2.8,2.3,-3.4,-2.7,-0.3,0.7,0.3,-1.6,-0.3,2.4,2.9,1.2,-0.7,0,2.6,0.6,2.9,2.7,0.7,1.8,2.2,5.5,1.4,-2.2,0.2,0.7,-2.7,-2,-0.9,0.6,1.2,0.8,1.2,2.4,-4.1,-4.4,3.1,3.7,0.6,-0.9,2.1,4.7,3.8,3.2,2,1.5,2.9,5.6,7.7,3.4,3.2,4.7,3.6,-0.6,1.2,3,3.3,3.1,0.4,0.1,2.3,4.2,5.3,5,-2.2,2.3,3,4.4,4.5,7.1,8.9,12,8.4,10.6,11.6,11.8,10.3,5.6,4.8,5.7,8.7,10.9,12.8,12.5,13.2,12.9,18,15.5,18.1,16,15.3,15.8,16,16.4,15.4,13.5,12.5,12.6,14,14.7,14.5,14.9,15,15.4,15.3,15.9,16.3,15.2,15.5,16.3,13.7,12.8,12.4,10.5,9.8,7.6,5.3,5.7,10,10.4,10.1,11.8,11.7,12.8,12.6,12.3,11.5,11.2,12.7,12.3,14.4,13.4,11.8,13.5,10.4,9.6,10.5,9.1,11.7,11.2,8.3,5.5,1.5,1,2.8,4,5.7,4.2,6.7,3.1,2.6,6,3.7,4.8,6.1,6.2,8.4,6.9,4.4,4.6,6.3,7.4,2.1,-2.1,0,0.9,1.2,3.5,3,6.1,4.6,1.1,3.2,-0.6,-2.6,-1.7,-0.5,1.4
광주,5.2,4.3,4.5,2.4,1.2,2.3,3.8,2.9,-3.4,-1.9,1.1,0.7,-2.5,-1.3,-0.6,0.4,1.7,0.8,0.2,2.2,-2.3,-1.2,0.4,6.8,9.1,1.8,2.7,3.7,5.5,6.9,6.3,12,10.9,2.8,-4.2,-2.1,1.8,4.7,2.7,0.2,1.4,3.1,3.4,3.7,3.6,3.3,5.4,5.7,3.8,3.2,2.4,1.8,3.6,5.3,6.6,8.9,8.2,8.4,8,6.5,5.7,6.7,6.6,3.5,2,2.7,2.9,2.7,2.8,5.8,8.4,5.3,4.2,7.5,11.7,13.3,12.6,10.8,7.2,6.2,8.5,10.4,11.8,13.9,13.8,14,16.7,15.4,13.9,13.4,20.7,20.1,17.4,17.8,17.9,16.7,17,17.5,18.5,19.9,20.3,17.5,17.8,15.2,13.9,13.7,14.2,14.9,17.1,18.9,19.4,15,14.8,15.3,15.4,16.2,13.4,12.2,13.1,14.8,13.3,15.2,12.4,10.3,10.6,11.2,13.3,11.9,11.6,11.5,10.6,9.8,9.4,4.3,6.4,6.7,9.5,7.8,7,6.5,8.1,9.4,11,12.2,11.8,11.7,11.5,10.2,12.2,12.1,12,3.5,-1.9,2.8,1.2,-1.9,-0.8,1.1,1.7,1.1,4.6,3.3,0.8,-0.7,0.5,4,0.4,-4.5,-2.2,0.4,2.1,-1.5,-0.1,2.7,4.7,1.3,-0.2,1.3,1.4,4.5,5.5,1.3,-3.7,-2.3,-1.9,3.4,5.2,2.5,-1.4,-0.3,2,3,0.9,-0.1,3.3,4.8,3.5,1.7,0.2,0.3,3.3,2.6,4.3,3.6,2.6,3.7,6.5,6.7,0.5,-1.5,0,0,-1.8,-0.8,1.6,1.5,1.5,1.3,2.8,2.5,-4,-3.1,3.6,5.6,1.5,0,3.3,7.2,7.1,4.4,2.5,4.2,5.8,9,5.8,3.6,4.3,5.7,4.2,0.7,2.8,3.3,4.4,4.1,0.4,1.8,5.1,6,8.6,4.4,-1,3.9,5.1,5.8,5.4,7.8,12.8,14.6,12,13.4,13.6,13.6,10.1,5.8,5.7,6.5,8.4,9.9,11.4,13.2,15.3,15.2,18.9,17.1,18.6,19.2,20,19.4,19.2,18.6,17.5,15.7,14.1,15,16.1,17,18,17.3,18,18.2,18.8,19.1,19.2,19.2,18.6,15.9,16.9,16.9,15.2,13.6,13.1,10.2,9.1,8.1,10.4,12.2,13.3,15.6,16.1,15.6,16.5,13.6,11.5,12.8,15.4,12.3,14.4,14.1,14.2,15.9,13.2,11.6,12.9,11,12.5,12.7,10.1,7,1.4,2.6,5.1,7.7,8,7.5,8.3,4.7,4.3,5.7,4.9,3.7,5.1,8.9,10.6,8.6,8.9,10.8,10.5,8.1,2.8,-1.2,0.5,3.3,4.4,6.4,7.6,8.1,5.6,3,4.7,0.8,0,1.5,3,3.8
대구,6.2,4.7,3.1,3.6,4,2.1,2.8,3.6,-3,-1.8,0.8,1,-1.6,-1.1,0.4,1.5,1.8,1,-0.3,2.4,-1.5,-1,1,3.5,5.7,3,2.8,5.1,4.7,9.3,6.1,9.2,12.2,5.2,-4,-2.8,-0.4,2.2,3.6,2.5,1.6,0.2,1.1,1.8,2.8,3.8,4,5,2.8,2.1,3.5,3.6,4.2,5.1,6.8,8.6,6.8,11.6,8.9,8.9,7.7,5.6,6.3,5.2,3.2,2.8,4.6,4,4.4,7.4,6.4,4.1,4.5,8.2,12.2,13.5,15.5,9.9,7,5.7,9.2,12.9,13.4,14.9,14.4,15.8,17.2,15,13.9,13.6,18.8,19.2,18.9,17.8,17.1,17.4,16.4,16.9,17.5,18.1,19,18.4,17,14.2,15.1,15,13.5,13.9,15.3,17.4,16.9,13.4,12.8,14.3,15.1,16.4,14.8,12.1,12.6,13.5,13.1,15.7,12.8,9.6,10.2,11.1,13.7,12.3,13.1,12.9,10.1,10.4,9.9,4,6.2,7.5,8.6,8.5,7.6,5.8,7.1,7.6,9.9,10.5,10.2,10.8,10.1,8.8,8,12.3,10.2,4.7,-1.6,2.1,1.2,-1.5,-0.6,-0.2,0.7,1.1,5.2,4.5,1.6,-0.8,0.1,2.8,0.2,-5.1,-3.1,-1.2,1.6,-1.1,0,1.4,4,1.2,-0.2,0.2,1.4,2.9,4.1,0.2,-4.2,-2.3,-0.6,2.3,3.7,3.6,-1.8,-0.6,1.4,2.8,1.4,0.2,1.6,3.5,5.3,2.5,1.1,2,3.8,2.4,3,4.2,3,3.5,2.6,6.8,3,-0.6,1.8,2,-1.1,0,1.1,2.8,3.2,3,3.1,3.7,-2.5,-3.3,4.1,4.8,2.6,1,4,5.4,5.6,4.7,3.5,4,5.1,6.7,8.9,5.1,5.3,6,5,1,1.9,3.9,5.2,2.8,1.6,2.1,4.8,6.7,7.3,6.8,-0.7,4,5.1,6.5,7.5,9.4,11.7,14.8,9.8,12.1,13.8,15.1,12.8,7.5,7.5,8.5,11.6,13,14.3,15.1,15.4,14,18.4,17,18.6,18,17.1,17.7,17.6,17.6,17.1,15.3,14.2,14.2,15.6,17,16.1,16.9,16.3,17.1,16.9,17.7,18,17.4,16.9,17.4,15.7,13.6,13.6,12.5,11.6,9.8,7.4,6.1,10.8,12,11,13.6,13.2,13.6,13.6,13.8,12.6,13.4,14.2,13.2,14.7,13.9,12.1,14.2,11.4,11.2,12.4,9.9,13.1,13.4,10.6,7.1,2.7,2.8,5.4,5.4,7.7,5.6,7.6,4.8,4.4,6.8,4.8,6.1,8.1,7,8.5,8.5,5.6,6.7,7.4,8.3,2.7,-1,1.8,2.2,1.2,5.1,3.7,6.7,5.4,2.5,5,2,-1.1,0,0.6,2
대전,5.1,2.6,2.1,1,-0.8,-0.2,0.7,1.2,-5.4,-4.8,-1,-0.7,-5.3,-4.4,-3,-1.6,-0.1,-1.1,-1.7,0.8,-3.2,-2.6,-1.3,3.7,5.7,-0.8,0.3,3.1,2.1,4.8,2.4,7.5,8.7,-0.2,-6.4,-4.6,-0.6,2.7,3,-0.2,0.2,1.1,2.6,2.8,2.4,2.5,2.8,4.6,3.7,2.5,1.4,1,1.9,3.2,4.4,6,6.4,9.1,8.4,7.9,5.1,4.8,5.3,2.9,1.2,0.9,2.7,2.3,2.5,5.3,4.1,4.1,3.8,7.6,12.2,13.1,13.4,10.8,7.1,5.5,8.6,10.3,10.6,14.9,14.9,13.5,17.4,14.8,14.5,13.7,19.6,19.3,16.8,16.7,17.5,15.2,15.9,16,17.1,19.1,19.9,18.5,16.6,13.1,13,13,12.2,12.9,14.8,16.8,15.5,13.2,12.8,13.8,13.9,15.2,11.3,9.2,10.5,11.2,12.1,13.7,11.3,8.4,9.1,10,11.7,9.8,10.6,9.9,8,8.8,7.9,2.3,5.8,5.7,8.4,7.2,5.3,4.8,6.1,8,8,7.6,8.8,9.8,10,9.4,9.5,10.3,9.4,1.6,-3.5,-0.9,-2.2,-4.9,-3.2,-2,-0.8,-2.3,0.7,1.2,-0.9,-3.7,-1.5,2.4,-1.8,-6.8,-4.9,-2.6,0.5,-3.7,-3,-1.3,2.2,-1.1,-2.3,-1.4,-0.8,3.3,4.2,-0.6,-5.6,-4.7,-2.9,2,3.2,0,-4.2,-3.1,-1.4,1.3,1.4,-1.8,0.2,2,2.4,1,-1.5,-0.6,1.8,0.4,2.5,3.1,1.1,2.8,3.5,5.3,-0.8,-3.4,-0.2,-0.9,-3.5,-2.3,-0.5,0.5,0,0.5,1.4,1.7,-6,-4.5,3.8,5.2,-0.5,-0.8,2.4,6.1,4.8,3.1,1.8,2.4,4.8,6.5,6,3,3.5,5.8,3.3,-0.4,2.1,3,3.8,4.6,-0.4,0.3,3.9,4.9,7.7,4.4,-1.7,2.1,3.7,6.6,5,6.8,10.3,13,9.7,13.8,14,12.4,9.7,5.3,5.7,6.8,8.5,9.5,10.6,12.9,14.8,12.2,18.1,15.7,19.2,16.5,17.8,17.6,18.1,18.5,16.4,14.4,12.2,13.6,14.7,16.4,16.9,16.2,17,16.5,17.1,16.6,17.3,17.8,17.4,16.1,15.7,16.9,12.9,11.6,10.8,7.3,6.1,5.7,9.4,10.9,11,12.5,14,13.4,13.9,13.1,11,11.9,13.6,12.2,13.5,13.5,11.7,13.7,12.1,10.3,11.2,10,11.9,10.8,7.9,5.7,0.4,0.1,3.5,6.8,6.9,4.4,6.2,2.6,1.8,5.4,2.1,2.1,3.4,5.2,8.1,7.3,7.3,8.3,7.2,6.5,0.6,-2.7,-0.7,1.8,1.1,4.3,3.5,5.7,3,1,4.2,-2,-3.2,-1.3,1.2,1.5
부산,7.3,7.4,8.1,7.4,6.5,5.5,6.9,4.1,-1.4,-0.4,1.8,3.1,0.6,1.2,1.7,3,4.1,2.5,2.3,5.2,0.3,0.6,3.8,9.1,12,5.8,6.4,9.2,9.5,11.1,9,12.3,12.3,9,-2,-0.2,3.2,4.7,5,4.8,1.1,1.5,3.4,4.1,3.6,5,6.9,7,3,3.1,6.2,5,6.7,7.6,9,10.1,9.1,12.1,9.8,9.3,8.1,6.9,7.8,6.8,4.3,3.9,5,5.7,4.9,8.7,11.5,5.5,5.2,8.6,12.4,13.7,14.5,9.6,7.8,7.2,9.6,13.4,13.6,14.6,15.3,14.2,16.3,14.1,12.9,13.1,19.3,20.8,20.5,19.1,18.8,18.6,18.4,18.9,19.8,20.1,19.7,19.7,16.9,15.5,16.8,16.4,15.5,17.2,18.7,20.4,18.2,14,15.2,16.9,17.8,19,17.2,16.1,16.1,16.9,15.6,17.6,14.6,10.6,12.5,14.4,15.8,15.9,15.8,15.1,14.1,13.8,11.8,5.9,7.2,9.7,11.5,10.8,9.2,9.6,11.4,12.6,14.4,14.5,13.2,12,12.4,13,13.7,13.9,13.3,7,0.6,4.6,3.7,0,0.8,1.6,3.3,5,9.9,6.9,2.7,1.4,1,5.3,2.8,-3,-0.9,4.3,5.1,0.1,1.1,4.5,7.5,2.3,2.4,5.9,5,5.9,7.8,4.9,-2.2,-1,1.8,7,9.3,7.6,1.4,0.8,2.8,4,4.6,3,6.1,6.6,7.5,6.2,3.1,4.4,6.1,5.1,7.2,6.2,5.5,5.5,8.6,10.6,5.3,2.9,5.1,3.8,0.7,3.2,5,6.7,5.2,3.7,4.2,5.6,0.2,-2.2,4.4,6.5,5.2,1.9,5.3,7.8,6.7,6.5,4.6,4.9,6.6,9,11.1,6.7,7.8,9.7,8.8,2,5.3,5.1,5.2,5,3.2,3.7,6.4,7.9,8.7,8.8,0.7,4.2,6.1,8.2,8.5,10.5,12.3,14.6,11.3,11.3,13.1,15.5,14.6,9.3,7.9,9.6,11.2,13.4,14.1,14.6,15.4,14.6,21.7,17.7,20,19.7,19.4,19.6,20,19.8,19.7,17.9,16.7,16.4,17.3,18.1,18.8,19.4,19.4,19.4,19.5,20.4,20.1,18.6,18.8,19.8,17.3,16.6,17,14.3,15.3,12.5,10.2,11.3,12.9,14.5,15.7,17.4,17,16,15.7,15.2,13.9,15.1,17,14.7,16.8,16.9,17,17,13.4,13.3,14.8,14.5,15.3,15.3,12.5,8.6,4.4,4.6,6.5,9.3,11.6,11.4,12.6,6.4,6.1,7.4,7.8,10,11,12.2,12.9,9.7,9.4,10.4,10.7,10,5.2,1,2.4,6.9,8.4,9.4,10.4,11.4,9.4,5.5,7.6,5.8,1.2,2.7,4.7,5.7
서울,4,1.5,2.3,-0.1,-0.8,0.8,3,0.5,-7.8,-4.7,-1.7,-2.4,-6.2,-4.3,-2.9,0.1,-0.1,-2.2,-2.6,-1.5,-5.5,-3.9,-0.8,3,4.2,-2.1,0.2,1.5,2.2,4,1.3,4.9,4.9,-3.5,-7.4,-4.8,-1.3,2.4,0.2,-1.6,-0.1,0.2,1.2,1.9,2.7,2.7,2.8,4.2,2.5,2.1,1.2,0.9,2.2,3.1,4.1,5.7,8.4,7.7,6.7,6,4.5,5.2,6.3,1.4,0.3,-0.6,2,1.4,1.5,4.5,6.9,5.2,3.4,6.8,11.3,12.6,10.5,9.6,6.3,5.9,8.6,9.6,10.9,14.6,15.4,13.5,16.6,15,14.9,14.5,19.2,18.1,16.1,16.9,17.1,16.6,16.1,16.7,18.6,19,19.4,21.2,17.4,13.8,13.8,13.2,13.6,15.5,17,14.4,13.8,13.6,13.8,15.1,16.5,16,10.7,10.2,12.1,14.2,15,17.3,12,9.3,11.3,12.4,13.5,9.8,9.9,10,9.4,9.4,6,-0.2,4.2,4.1,6.6,6.2,5,5.6,7.9,11.3,11,9,9.8,10.2,11,10.4,8.8,8.3,9.1,-1.1,-5.4,-3.3,-4.6,-6.6,-5.6,-3.4,-1.6,-2.4,1.6,-1.5,-3.8,-5.2,-3.6,-0.1,-4.9,-9,-8.3,-3.8,-1.7,-6.4,-4.7,-1.3,1.7,-2.6,-3.2,-1.8,-0.8,2.9,1.9,-1.9,-7.7,-6,-2.7,2.5,3.7,-3.2,-5.5,-5.1,-2.1,-0.3,-0.4,-2.7,0.2,2.5,2.8,0.8,-4.1,-1.3,-0.1,-0.9,2.6,3.1,1.2,3.7,3,3.6,-3.6,-4.1,-1.1,-3.3,-4.5,-3,-0.6,0.6,0.4,-0.1,0.4,1.2,-9.8,-5.7,1.7,2.7,-2.2,-1.6,2,7.9,5,1.9,0.8,2.2,5.2,5.7,3.5,0.9,2.1,5.4,1.2,-1.3,2.7,2.4,3.9,2.8,-2.1,-0.3,2.9,4.2,7.7,2.2,-3.4,0.4,2.1,5.6,4.3,5.5,9.8,10.7,10.7,12.4,13.4,11.7,8.3,4.6,5.4,6.5,7.9,9.1,9.7,10.5,13.2,12.9,16.3,16.5,19.2,16.6,18,18.7,19.6,20.1,16.2,12.8,10.8,12.3,15,17.1,17.9,17.5,18.7,17.9,18.1,18.8,17.9,17.5,17.5,16.9,16.3,15,12.1,9.9,8.4,5.4,5.7,7,10.8,11.8,12.2,13.2,13.5,10.5,11.1,10.8,10,11.6,14.5,11.5,12.8,13.4,12.2,13.9,10.4,8.9,9.8,9.2,10.2,8.5,5.6,2.4,-2.7,-2.8,0.1,2.5,4.1,4,6,-0.7,-0.4,3.4,1.3,1.9,2.9,5,7.8,6.4,5.2,5.2,5,4.7,-1,-4.6,-3.3,-0.1,1.5,2.2,3.1,5.9,1.5,-0.8,0.9,-5.7,-5.7,-3.2,0.3,0.7
울산,6,4.8,4.9,5.6,5.4,3.8,4.9,4.3,-1.5,-0.9,1.6,2.3,-0.5,0.2,1.1,2.4,3.2,1.4,1.4,4.8,0.1,0.3,2.2,7,11.5,4.1,5,7.8,7.2,12.1,7.4,9.7,12.8,8.1,-2.2,-0.9,1.9,3.9,3.6,2.9,0.5,0.7,1.8,2.7,3.3,4,4.9,5.8,2.8,3,4.9,4.4,4.8,6.1,7.1,8.3,7.8,11.9,9,9,7,5.7,6.9,5.9,3.8,3.3,4.6,5.6,4.1,8.1,10.3,4.8,4.2,8.1,13.4,13.5,15.5,9.5,7.4,5.7,9.2,12.6,13.7,15.7,15,13.8,16.9,15.3,12.4,12.4,18.3,19.3,19.9,18.5,18.7,17.7,16.2,16.8,17.6,18.3,19.6,19.8,17.2,14,14.7,15.9,14.7,14.9,16.5,19.2,17.5,14.4,14.5,15.6,16.6,17.5,15.8,14.3,14.5,15.2,14.3,17.1,13.9,10.2,10.5,12.9,13.8,13.4,15.4,14.8,12.4,11.8,11.6,5.4,7.5,9,10.2,9.7,8.1,7.4,8.6,9.8,12.4,12.1,11.4,11.9,11.6,10.7,10.2,13,11.7,7,-0.1,4.4,2.6,-0.4,0.3,1.1,2.7,3.4,9,6.1,2.6,0.7,0.2,4,2.3,-3.5,-2.2,2,4.2,0.3,1.2,3.8,5.8,2.1,1.1,3.1,3.5,4.8,5,2,-2.7,-1,1,4.4,6.9,6.5,-0.4,0.6,2.6,3.5,2,2.1,3.9,4.7,6.5,4.6,2.4,4.3,5.5,4.1,6.2,5.5,4.1,4.3,6.3,9.3,4.8,0.8,3.5,3.1,0,1.3,2.8,4,4.1,3.3,4.1,5,-0.4,-2.4,4,5.1,3.7,1.6,5.7,7.3,6,5.5,4,3.9,4.9,7.7,11.1,6.6,6.5,7.7,7.7,1.6,4.5,4.6,5.2,3.9,3,2.8,5.1,6.1,6.5,8,-0.1,4.8,5.9,8.8,8,10,10.9,13.5,10.2,11.1,12.4,14.8,13.7,8.3,7.2,8,11.1,13.2,15,14.6,14.9,15.1,20.8,16.9,18.7,18.7,17,17.8,17.9,18.5,18,16.9,15.9,15.3,16,17.7,17.1,17,17.1,17.9,17.7,18.5,18.6,17.2,17.1,18.7,16.3,14.5,16,13.3,12.5,11.3,8.8,9.2,12.7,13.4,13.6,15.3,15.2,15,14.6,14.5,13,13.7,15.9,14.5,16.5,15.9,15.2,15.3,12.4,12.3,13.1,12,14.2,13.3,11.2,8.3,4.2,4.6,6.2,6.9,9.9,9.6,11,6.3,5.8,6.9,6.9,7.8,9.2,9.9,11.3,9.5,7.9,8.1,8.8,9.6,3.6,0.1,2.2,5.1,5.5,7.7,7.9,9.9,8.4,4.9,5.2,3.4,0.6,2.3,3,4.2
인천,4.6,1.6,2.6,-0.9,-0.7,1.1,2.8,-1.2,-7.1,-3.9,-1.4,-2.7,-5.8,-4.2,-2.3,0.6,-0.3,-2,-2,-1.4,-5.5,-2.9,1.3,5,3.2,-3.2,0.7,-0.7,0.3,2.7,0.2,3.2,3.2,-4.6,-6.9,-5.3,-2.4,0.7,-0.9,-3.2,-2.4,-1.2,-0.5,0.1,1.3,1.5,1.7,2.2,1,1.2,0.2,0.7,1.7,2.3,2.9,2.8,6.5,5.5,3.3,3.8,3.4,3.7,4.5,0.9,0.2,-0.3,1.6,1.3,0.9,3.9,5,4.1,2.9,6.1,7.9,9.3,7.2,7,5.8,6,6.8,7.4,8.8,10.6,11.2,9,12.1,12.5,11.9,13.1,17.3,17,15.1,16.3,16.2,15.7,15.6,15.5,17,18.9,18.1,19.1,16.2,13.1,13.6,13.5,14,15.5,16.3,14.4,14.2,13.2,13.6,15.6,16.2,14.9,9.8,9.7,11.8,13.2,14.8,15.4,11.5,10,11.2,12.7,12.4,7.9,8.8,10.1,9.7,9.9,5.7,1.2,5,4.5,6.4,6.5,5.2,6.1,8.8,11.6,10.2,7.4,8.9,9.6,9.6,9.4,8.5,7.9,7.8,-1.5,-4.4,-2.4,-4.1,-5.6,-4.2,-3,-2,-2.3,1.6,-1.8,-3,-4.3,-2.6,1.2,-4.7,-7.1,-6.3,-0.2,-1.4,-5.3,-2.4,1.9,2,-1.2,-2.2,-1.1,1.4,3.1,1.9,-2.2,-6.8,-5.1,-1.2,3.4,3,-3.6,-4.3,-4.1,-1,1.1,-0.3,-3.5,-1.4,0.9,1.6,0.1,-3.4,0.3,-0.3,-2.2,0.8,1.6,0.7,2.9,1.9,2.2,-4.8,-5.3,-2.3,-3.2,-4.7,-2.6,-0.9,0.1,0.2,-0.6,0.4,0.3,-9.4,-3.5,2.1,0.9,-1.8,-0.7,3.2,7.1,4.3,1.4,1.1,0.6,3.4,5.2,2.3,0.7,1.5,3.4,-0.1,-2.5,1.5,2.2,3.8,2,-1.9,-0.8,1,2.7,5.5,0.1,-3,0.9,2.4,3.9,2.6,3.6,6.8,7.9,9.7,9.5,10.9,9.3,5.9,4.4,3.6,5.1,6,6.2,7.1,7.3,8.3,10.1,16.1,17.6,18,15.9,17.6,18,17.9,18.5,16.1,12.9,11.6,13.5,15.7,16.4,16.9,17.2,17.3,16.6,16.8,17.6,16.7,15.9,16.1,16.5,15.2,15.1,12.1,10.4,9,6.7,6.8,7.7,11.5,12.7,12.5,13.1,13.4,10.2,10.7,10.1,8.8,9.9,13.3,11.5,12.2,13,12.6,12.6,10.3,9,8.9,8.4,8.8,7.1,4.1,2.5,-2.2,-1.3,1,4.6,4.1,4.9,6.9,0,1.4,4.4,1.3,1.9,2.7,4.8,7.1,6.9,4.7,5,5.2,4.7,-0.5,-3,-0.6,0.4,2.6,4,2.6,5.2,2.1,0.5,1.1,-5.9,-4.4,-1.2,2.3,1.5
전남,5.7,4.1,5.2,3.3,2,1.7,3.9,2.7,-2.6,-1.9,0.4,1.2,-1.5,-0.8,-0.3,0.5,1.8,1.1,0.4,2.8,-1.5,-0.5,0.3,6.3,9,1.9,2.2,3.7,5.1,7.5,5.6,11.2,10.3,3.2,-3.3,-1.7,1,4.1,3.2,0.9,1.1,2.2,2.6,3.2,3.3,2.5,4.6,5.1,3.9,3.1,2.4,2.1,2.9,4.4,5.6,6.9,7.5,8.7,7.5,6.3,6,5.6,5.3,3.7,2.4,2.7,2.9,3.3,3,4.9,7.9,5.2,4,7.1,10.5,12.1,11.9,9.4,7.1,5.9,7.8,10,10.9,12.8,12.9,12.7,14.5,14.3,12.7,12.2,19.5,19.7,17.6,17.5,17.4,16.5,16.3,16.6,17.4,19.1,19.4,18,17.5,14.7,13.9,13.9,13.7,14.1,16.5,19.5,19.6,15,14.1,14.9,15.4,16.5,14,12.1,13.5,15.1,14.4,15.6,13.1,10.5,10.1,11.2,13.7,12,11.7,12,10.6,10.3,10.5,5.4,6.9,7.5,9.6,8.7,7.8,6.8,7.7,9.6,11.4,11.7,12.3,12,10.9,10.3,12.6,11.7,12.3,4.6,0.1,4.1,2.8,-0.4,0.4,1.8,3.3,1.9,6,4.8,2.2,0.6,0.8,4.2,1.4,-2.7,-1.6,0.9,2.7,-0.5,1.1,3.5,5.3,1.9,0.5,1,2,4.9,5.7,2.4,-2.1,-0.3,0.3,4.7,6.5,3.5,-0.2,1,3.3,3.4,2.1,0.1,2.9,4.7,4.1,2.8,0.8,1.7,4.4,2,4.9,4,2.6,3.3,6.3,6.8,1.3,-0.6,1.3,0.8,-0.9,-0.3,1.6,2,2.3,1.7,2.4,3.2,-3.2,-2.3,4,4.8,2.1,0.3,3,6.7,7,4.9,2.9,3.4,5.1,8.4,6.2,3.8,4.6,6.2,4.7,0.7,2.7,3.7,3.8,4.4,0.9,1.9,4.4,5.5,6.9,4.6,-0.8,4.3,4.8,7,6.1,7.2,10.4,12.2,11.5,11.5,12.1,12.7,9.8,6,5.4,6,7.5,8.9,10.4,11.9,12.7,13.4,19.5,16.4,17.8,18.3,18.3,17.9,17.8,18,16.5,15.2,14.6,14.7,15.6,16.6,16.6,16.5,16.7,17,17.1,17.4,17.7,17.5,17,16.6,15.8,15.1,14.6,12.7,13.1,10.5,9.2,8.5,10.6,12,12.5,15.3,15.7,15.2,16.8,13.8,11.5,12.8,15,12.8,14.7,13.8,14.3,15.6,13.4,11.7,12.5,11,12,12.8,10.6,7.2,2.1,3.6,5.4,7.5,8.1,7.1,9.1,5.3,5.1,6.2,5.2,4.5,5.7,8.9,11,8.9,8.3,9.5,9.8,8,3.3,0,1.6,3.4,5.1,6.5,6.9,8.5,6,3.2,5.3,1.8,0.6,1.3,2.9,3.8
전북,3.8,1.9,2.2,0.5,-1.1,-0.4,1.6,1.8,-4.7,-3,-0.8,-0.5,-4.7,-3.7,-3.2,-1.8,-0.3,-0.9,-2.1,1.4,-3.3,-3.8,-2.1,5.5,7.7,-0.2,0.5,2.4,3.2,5.7,3.7,11.8,9.5,1,-5.4,-3.7,0.1,3.3,2.4,-0.3,0.6,1.1,1.9,2,2.3,1.1,3,4.7,3.1,1.7,0.5,0.2,1.2,2.5,3.9,5.7,6.7,7,6.5,5.5,4.1,4.2,4.4,2.5,0.9,1.2,1.4,1.8,0.6,4.1,6.8,4.4,3.2,6.8,11.2,12.8,10.9,9.4,6.2,4.5,7,8.2,10.5,13.4,12.8,11.6,15.7,14.7,12.2,10.9,19.8,19,16.2,16.3,16.4,14.6,14.7,15.3,16.4,18.6,19,17.3,16.8,12.8,11.8,12.1,11.4,12.3,15.5,18,17.6,14,13.1,13.8,13.9,14.9,11.7,9.2,11,12.8,12.6,14.1,11.7,8.3,8.6,9.6,11.8,9.2,10.2,10.1,7.7,7.8,8.6,2.8,4.9,5.1,7.9,6,4.8,4.1,5.7,7.4,9,9.1,9.7,10.5,10.3,8.4,11.5,10.4,10.5,2.6,-3.2,1.3,-0.2,-3.2,-2.4,-0.8,0,-1.9,2,2.2,-0.2,-2.6,-1.2,3,-1,-6.3,-5.4,-1.2,1.4,-2.6,-1.7,0.7,3.6,-0.1,-2.1,-1.2,-0.9,3.3,3.3,0.6,-4.8,-4.7,-3.9,2.1,4.3,1.3,-2.9,-2.6,0.2,0.8,0.8,-2.2,0.5,2.6,1.2,0.8,-1.4,-0.6,2.6,0.4,2.7,2.9,1.4,2.1,5.4,5.8,-0.4,-3,-0.5,-0.8,-3.5,-3,-0.5,-0.3,-0.3,0.6,1.4,1.6,-5.2,-4,3,4.4,0.2,-1.8,1.9,6.6,6.2,3.3,1.8,2.5,4.7,8,5,2.5,2.9,4.2,2.9,-0.6,1.3,2.3,2.7,3.5,-0.5,0.3,2.8,3.3,6.3,3.4,-1.8,2.7,3.8,4.9,3.8,5.3,9.4,11.9,10.2,12,11.8,11.1,7.7,4.1,3.5,4.5,6.2,7.4,9.1,10.7,12.8,13.2,18.3,14.8,17,16.7,17.1,16.4,16.6,17,15.2,14.3,12.6,13.6,13.8,15.1,15.5,15.3,16.2,16.2,16.1,16.2,16.6,16.5,16.2,14.8,14.9,15.7,13.6,11.5,10.6,8.4,6.7,6.3,8.7,10.1,10.5,12.7,14.3,14.7,16.2,13,10,10.4,13.4,12.1,13.6,12.8,12.8,14.9,12.6,11.3,11.4,9.1,10.8,11.6,8.4,6,0.5,0.7,3.4,6.7,6.6,4.8,7.9,3.4,3,4.8,2.9,1.7,2.7,6.3,9.5,7.4,7.1,8.7,8,7.1,1.4,-2.6,-1,2.1,2.4,4.8,4.1,6.1,3.7,1,4.8,-1,-2,-1.4,1.1,1.8
제주,9.8,9.2,10.6,7.6,6.4,6.3,9.3,7.1,1.7,3.3,5.2,5.8,3.1,3.5,3.9,4.9,6.1,5.8,5.2,7.8,2.1,3.7,5.5,11.1,13.4,6.3,7.6,9.3,10,11.1,10.7,14.7,12.3,7.3,1.1,3.2,6,8.4,6.5,4.2,4.4,6.2,6.2,7,6.6,6,9,7.9,7.3,6.3,6.2,5,6,8.3,9.5,10.9,10.3,11.4,10.8,10.3,9.4,9.3,9.2,6.6,5.3,5.5,5.5,6.9,5.5,8.3,13.6,8.2,6.4,10.4,13.7,14.4,14,12.7,9.3,8.2,10.1,11.9,13.6,15.3,14.5,14.3,15.9,15.6,13.2,13.9,22.5,22.6,20,20.6,19.7,19.6,19.3,19.6,20.7,22.1,21.6,20.6,19.7,18.8,16.8,17.6,16.7,17,20.2,22.4,22,17.8,16.5,16.4,17,19,16.9,16.4,17.4,19.2,20.2,18.7,15.7,13.8,13,13.7,16.1,15,14,14.8,13.8,13.6,14.1,9.4,11.2,11.7,12.8,12.6,11.2,10.6,12.4,14.2,15.9,16.9,18,14.5,13.2,14.6,16.6,13.9,16.1,8.2,4.8,7.8,6,4.8,5.4,6.8,8.8,7.3,11.7,8.6,6.7,6,6.4,8.5,5.6,2.9,3.9,7.2,7.4,3.9,5.2,8.3,10.2,6,5.2,6.8,7.6,9.6,10.5,8.8,2.5,5.2,6.5,11.3,12.7,8.3,4.7,6,7.2,8.2,7.8,4.8,9.7,9.1,8.4,7.5,4.8,6.5,8,6.9,8.9,7.2,6.2,7.5,12.1,10.6,6.1,4.7,6.8,4.9,3.2,4.6,6.3,6.5,6.2,4.8,5.8,7.6,1.2,1.4,6.2,8.2,6.7,4.5,8,12.4,12.2,7.9,6.3,5.3,9,11.7,8.8,7.2,8.1,10.1,8.9,4.3,7.8,7,7,8.6,3.9,5.2,7.9,9.3,10.3,7.4,2.3,6.4,8,10.8,10.1,10.8,13.2,15.5,15.3,12.2,12.9,14,12.5,9.1,8.2,8.5,9.4,10.2,12.6,13.2,14.2,16.2,22.9,18.5,20.3,20.9,20.3,20,20.8,20.1,18.9,18.8,17.4,17.7,18,18.6,19,18.5,19.1,18.8,19.4,19.5,20.3,20.3,19.2,19.1,18.7,18.6,17.6,16,16.4,14.3,12.6,12.6,14.1,14.4,16.9,18.8,19.5,20,19,15.8,13.8,15.5,17.4,17.5,16.8,15.6,17.4,17.2,16.2,15.3,15.4,15.4,16.7,16.3,13.8,10.7,4.9,7.2,9.9,11.7,12.4,11.5,13.2,8.2,8.2,9.2,9.1,9.1,9.3,13.8,15.3,11.7,12.4,13.7,13.4,10.7,5.9,4,6.2,7,9.6,11.1,12.5,13.2,9.9,7.5,10.2,6.8,5.6,6.4,7.5,8.3
충남,3.6,1.2,1.9,-0.3,-1.8,-0.8,0.8,0.8,-5.7,-4.6,-1.7,-1.5,-5.9,-4.9,-3.8,-1.9,-0.9,-0.9,-2.7,0.8,-3.4,-3.9,-1.9,4.7,6.1,-1.4,-1,1.5,1,4.1,1.8,8,7.4,-1,-5.8,-4.3,-0.9,2.8,2.3,-0.8,-0.1,0.5,1.7,1.9,2.1,1,2.3,4.1,3,1.3,0,-0.3,0.7,1.8,3.3,4.7,6.4,7.1,6.1,5.6,3.7,3.4,4.1,2.3,0.4,0.1,1.6,2.4,0.6,3.3,4.6,4.1,2.9,6.5,10.2,12.4,10.3,8.5,6.3,4.7,7,8.2,9.8,13.8,13.3,10.6,15.9,14.2,13.3,11.1,18.7,18.5,15.5,16.4,16.1,14.3,14.4,14.8,16.4,18.9,19.2,18.2,17.3,12.1,11.5,12.2,10.8,12.1,14.3,16.7,15,13.6,12.3,13.3,13.6,14.8,10.4,8.1,10.1,11.7,11.6,13.8,11.7,7.9,8.4,9.5,11.4,8.4,9.6,8.6,7.1,8,7.7,2.9,5.1,4.3,7.3,6.5,3.9,3.9,5.6,7.3,7.6,7.3,8.6,10.2,9.4,8.2,10.2,9.6,9.4,1.5,-2.6,-0.3,-2.5,-4.4,-3.2,-2.2,-1.1,-2.9,0.6,0.9,-0.9,-4.1,-2.9,2.1,-1.8,-6.2,-4.9,-2,0.6,-4.1,-3.9,-1.3,2.5,-0.4,-2.7,-2,-0.9,2.3,2.4,-0.5,-5,-5.1,-3.4,1.5,3.4,-0.2,-3.7,-4.1,-1.8,-0.6,0.7,-2.9,-0.7,2.2,1.9,1.1,-2.2,-0.9,1.9,-0.3,2.1,2.1,0.5,2.3,3.9,4.7,-1.4,-3.5,-0.3,-1.1,-4,-3.2,-1.4,-0.6,-1,-0.5,-0.4,1.2,-6.2,-4.1,3.3,3.2,-0.4,-2,1.1,6.9,5.1,2.9,1.9,1.9,4,6.5,4.6,2.1,2.1,4.6,2.4,-1,1.9,2.6,2.2,3.9,-0.6,-0.7,1.7,2.5,6.1,3,-1.7,1.9,2.2,5.8,2.9,4.1,7.9,10.7,9.5,11.7,11.5,9.7,7.2,4,3.5,4.3,5.9,7.1,8.6,10.2,11.7,11.3,18,15.2,17.7,15.5,16.4,16,17,17.6,15,12.9,11.6,13,13.3,14.8,15.5,15.6,15.9,15.1,15.6,15.7,16.4,16.1,15.7,14.9,14.4,15.9,13,11.3,10.4,7.5,5.3,6.1,9.5,9.9,10.3,12,14,13.4,13.7,12.9,9.9,10.4,13.6,11.9,13.2,12.9,12.7,13.7,12.1,9.6,10.1,8.7,10.4,10.5,7,5.4,0.1,0.1,2.7,6.1,5.7,3.5,7.2,2.5,2.1,5.2,1.5,1.3,2.2,5.4,8.4,7.1,6,7.3,6.3,6.6,0.3,-2.5,-1,1.6,1.5,3.9,2.9,5.3,2.8,0.8,3.7,-2.6,-3,-2.2,1,1.2
충북,3.5,0.9,0,-0.2,-1.2,-1.8,-0.8,0.5,-6.8,-6.2,-2.5,-1.8,-6.7,-5.7,-4.6,-3.3,-2.4,-2.4,-3.8,-1.2,-4.9,-4.4,-4,0.9,3.8,-1.4,-1.7,1.5,0.4,3.1,0.6,4.6,7,-0.7,-7.1,-5.8,-2.3,1.3,1.7,-1,-0.6,-1.1,0,1,0.6,0.5,0.8,3.3,1.8,0.3,-0.1,-0.7,0.1,1.3,2.7,3.9,4.4,7.9,7,7,3.9,3,3.3,2.3,0.1,-0.3,1,0.8,0.8,3.6,2.8,3,2,5.5,10.2,12.1,12.6,8.5,5.3,3.8,6.6,9,9.4,13.8,13.6,12.3,15.2,12.9,12.6,12.1,17.7,18,15.7,14.9,14.5,13.1,13.3,13.8,14.6,17.1,17.8,16.3,15.8,11,10.4,10.4,9.5,10.7,13,14.1,13.9,11.9,10.6,11.3,11.9,13.4,10.6,7.6,8.7,10,11.2,13.5,10.9,6.9,7.2,8.1,10.2,9.1,10.4,8.8,6.1,6.5,6.6,0.6,3.9,3.9,5.9,5.3,3.1,2.4,3.4,5.1,5.6,6.6,7.8,9.3,7.6,6.8,7.8,8.6,8.6,0.1,-5.1,-2.1,-3.3,-5.7,-4.7,-3.7,-2,-3.7,-0.2,0.2,-2.5,-4.7,-3.3,0.3,-3.6,-8.5,-8.7,-6.3,-1.9,-6.2,-6.3,-4.3,0.9,-2.8,-5.3,-4.5,-3,1,1.2,-2.3,-7.3,-6.2,-5.3,0.4,1.1,-0.9,-5.9,-5.4,-3,-1,-0.3,-4,-2,0.5,1.7,-0.6,-3.4,-2.7,0.9,-1.1,1.4,1.8,-0.1,1.5,1.6,3.7,-1.2,-4,-1,-1.7,-4.8,-3.8,-2.6,-1.3,-1,-0.2,0.1,0.3,-7.2,-5.8,2.5,3.2,-1.4,-2.1,0.1,4.6,3.5,2.1,0.8,1,3.2,5.3,4.7,1.5,1.6,4.6,2,-1.7,0.7,1.9,2.2,3.2,-1.6,-1.1,2.1,3.1,5.9,3.3,-3.3,0.7,1.8,4.8,3.4,4.9,7.9,10.5,8.5,12.1,12.6,10.7,8.2,4.1,4.2,5,7.1,8,9.9,11,13.1,10.7,16.7,14.2,17.2,14.5,15.3,15.4,16.1,16.4,14.5,10.9,10.2,11.5,12.3,14.3,14.1,14.1,14.8,14.5,14.8,15,15.3,15.6,15.1,14.3,13.6,13.8,11.8,10.1,9.1,5.3,3.7,3.8,8.4,8.6,8.2,10.3,11.8,12.1,12,11.6,10,10.4,12,11.3,12.6,12.6,10.7,13.3,10.7,9,9.4,8.6,11.3,9.4,7.5,4,-0.8,-1.4,1.3,3.8,4.5,2.2,4.8,0.3,-0.1,3.7,0.9,1.7,2.7,2.9,6.4,6.2,3.3,4.8,5.1,5.7,-0.1,-4.1,-2.5,-0.7,-0.9,1.7,2.3,4.6,2.5,-0.9,2.4,-3.1,-5.2,-4.6,-1.3,0.5
세종,5.1,2.6,2.1,1,-0.8,-0.2,0.7,1.2,-5.4,-4.8,-1,-0.7,-5.3,-4.4,-3,-1.6,-0.1,-1.1,-1.7,0.8,-3.2,-2.6,-1.3,3.7,5.7,-0.8,0.3,3.1,2.1,4.8,2.4,7.5,8.7,-0.2,-6.4,-4.6,-0.6,2.7,3,-0.2,0.2,1.1,2.6,2.8,2.4,2.5,2.8,4.6,3.7,2.5,1.4,1,1.9,3.2,4.4,6,6.4,9.1,8.4,7.9,5.1,4.8,5.3,2.9,1.2,0.9,2.7,2.3,2.5,5.3,4.1,4.1,3.8,7.6,12.2,13.1,13.4,10.8,7.1,5.5,8.6,10.3,10.6,14.9,14.9,13.5,17.4,14.8,14.5,13.7,19.6,19.3,16.8,16.7,17.5,15.2,15.9,16,17.1,19.1,19.9,18.5,16.6,13.1,13,13,12.2,12.9,14.8,16.8,15.5,13.2,12.8,13.8,13.9,15.2,11.3,9.2,10.5,11.2,12.1,13.7,11.3,8.4,9.1,10,11.7,9.8,10.6,9.9,8,8.8,7.9,2.3,5.8,5.7,8.4,7.2,5.3,4.8,6.1,8,8,7.6,8.8,9.8,10,9.4,9.5,10.3,9.4,1.6,-3.5,-0.9,-2.2,-4.9,-3.2,-2,-0.8,-2.3,0.7,1.2,-0.9,-3.7,-1.5,2.4,-1.8,-6.8,-4.9,-2.6,0.5,-3.7,-3,-1.3,2.2,-1.1,-2.3,-1.4,-0.8,3.3,4.2,-0.6,-5.6,-4.7,-2.9,2,3.2,0,-4.2,-3.1,-1.4,1.3,1.4,-1.8,0.2,2,2.4,1,-1.5,-0.6,1.8,0.4,2.5,3.1,1.1,2.8,3.5,5.3,-0.8,-3.4,-0.2,-0.9,-3.5,-2.3,-0.5,0.5,0,0.5,1.4,1.7,-6,-4.5,3.8,5.2,-0.5,-0.8,2.4,6.1,4.8,3.1,1.8,2.4,4.8,6.5,6,3,3.5,5.8,3.3,-0.4,2.1,3,3.8,4.6,-0.4,0.3,3.9,4.9,7.7,4.4,-1.7,2.1,3.7,6.6,5,6.8,10.3,13,9.7,13.8,14,12.4,9.7,5.3,5.7,6.8,8.5,9.5,10.6,12.9,14.8,12.2,18.1,15.7,19.2,16.5,17.8,17.6,18.1,18.5,16.4,14.4,12.2,13.6,14.7,16.4,16.9,16.2,17,16.5,17.1,16.6,17.3,17.8,17.4,16.1,15.7,16.9,12.9,11.6,10.8,7.3,6.1,5.7,9.4,10.9,11,12.5,14,13.4,13.9,13.1,11,11.9,13.6,12.2,13.5,13.5,11.7,13.7,12.1,10.3,11.2,10,11.9,10.8,7.9,5.7,0.4,0.1,3.5,6.8,6.9,4.4,6.2,2.6,1.8,5.4,2.1,2.1,3.4,5.2,8.1,7.3,7.3,8.3,7.2,6.5,0.6,-2.7,-0.7,1.8,1.1,4.3,3.5,5.7,3,1,4.2,-2,-3.2,-1.3,1.2,1.5
전국,5.1,3.2,3.3,2,1.2,1,2.7,2.1,-4.3,-3.2,-0.4,-0.1,-3.6,-2.8,-1.7,-0.2,0.6,-0.3,-1.1,1.5,-2.7,-2.2,-0.3,4.7,6.9,0.8,1.6,3.6,3.7,6.4,3.9,8.1,9,1.9,-4.8,-3.3,0,2.9,2.5,0.5,0.3,0.6,1.5,2.2,2.4,2.4,3.4,4.5,2.8,2.1,2,1.6,2.5,3.7,5,6.4,6.8,8.8,7.4,7,5.4,4.9,5.6,3.4,1.6,1.5,2.7,2.8,2.4,5.4,6.7,4.5,3.6,7.2,11.1,12.5,12.5,9.4,6.6,5.4,8,10.3,11.2,14.1,14,12.9,15.9,14.3,13.1,12.7,18.8,18.9,17.3,17,16.9,15.9,15.6,16,17.1,18.6,19,18.4,16.7,13.5,13.3,13.5,12.7,13.8,15.7,17.1,16.3,13.5,13.1,14.2,14.9,15.8,12.7,10.8,12,13.3,13.6,15.4,12.4,9.2,9.8,10.9,12.7,10.7,11.5,11.2,9.3,9.6,8.8,3.1,5.7,6.1,8.2,7.5,5.9,5.5,7.1,9,10,9.7,10.3,10.6,10.1,9.4,10,10.5,10.3,2.8,-2.4,0.9,-0.4,-3,-2,-0.9,0.6,-0.3,3.8,2.6,-0.1,-2,-1.1,2.5,-0.9,-5.6,-4.5,-1.1,1.2,-2.9,-1.9,0.7,3.7,0,-1.5,-0.2,0.7,3.4,3.9,0.5,-4.6,-3.4,-1.6,3.1,4.5,1.8,-2.6,-2.1,0.1,1.6,1.4,-1.1,1.2,3.2,3.6,2,-0.6,0.6,2.8,1,3.4,3.4,1.9,3.1,4.3,6,0.5,-1.8,0.7,0.1,-2.5,-1.3,0.4,1.4,1.4,1.1,1.7,2.5,-4.7,-3.7,3.2,4.3,0.9,-0.3,2.8,6.6,5.6,3.8,2.4,2.6,4.7,6.9,6.4,3.4,3.8,5.8,4,0,2.5,3.3,3.9,3.8,0.3,0.9,3.6,4.9,7,4.6,-1.5,2.6,3.9,6.1,5.3,6.9,9.9,12.2,10.1,11.8,12.6,12.3,9.9,5.9,5.4,6.4,8.4,9.7,11.1,12.1,13.4,13,18.4,16.2,18.5,17,17.3,17.5,17.9,18.1,16.4,14.3,13,13.8,14.9,16.1,16.4,16.4,16.8,16.7,17,17.4,17.5,17,16.8,16.6,15.4,15.1,13.7,11.8,11.1,8.5,7,7.2,10.4,11.3,11.7,13.5,14.1,13.6,13.9,12.9,11.2,12,14.1,12.6,14.1,13.8,13.1,14.4,11.9,10.7,11.5,10.2,11.9,11.3,8.7,5.9,1,1.3,3.7,5.9,7,5.7,7.8,3.2,2.9,5.5,3.6,4,5.1,6.8,9.1,7.8,6.5,7.4,7.5,7.3,1.8,-1.8,-0.1,2.1,2.8,5,5,7,4.6,1.9,4.2,-0.5,-2,-0.7,1.6,2.5
